base_model,rule,Benign (false unknown),SYNFlood,SlowrateDoS,TCPConnectScan
lightgbm,msp,0.06913144544174288,0.9944560233430597,0.05029930162953109,0.9969072164948454
lightgbm,energy,0.06913144544174288,0.9944560233430597,0.05029930162953109,0.9969072164948454
lightgbm,mahalanobis,0.13695641108302087,0.7605669028761983,0.012010863540627425,0.9015160703456641
lightgbm,knn,0.10145070159662013,0.9950395998332638,0.23703580534308832,0.9994137861330099
xgboost,msp,0.06035088314641057,1.0,0.4990632967520231,0.9998989286436224
xgboost,energy,0.06035088314641057,1.0,0.4990632967520231,0.9998989286436224
xgboost,mahalanobis,0.027714339039991855,0.9704460191746561,0.19191885600266045,0.9970285021224985
xgboost,knn,0.06610618117651051,1.0,0.5239607582307948,1.0
tabnet,msp,0.10184773571780037,0.8903709879116299,0.3738166500387984,0.6522741055184961
tabnet,energy,0.10184773571780037,0.8903709879116299,0.3738166500387984,0.6522741055184961
tabnet,mahalanobis,0.10260786941988904,0.8562734472696958,0.19984480656246537,0.6075601374570446
tabnet,knn,0.08234216196956072,0.9425593997498958,0.5070945571444407,0.921204770568021
ftt,msp,0.015782954680421468,0.9412255106294289,0.24291098547832837,0.9998787143723469
ftt,energy,0.015782954680421468,0.9412255106294289,0.24291098547832837,0.9998787143723469
ftt,mahalanobis,0.002955698457675145,0.8832013338891205,0.046513690278239664,0.9996765716595917
ftt,knn,0.07273529361860971,1.0,0.5851901119609799,1.0
