base_model,seed,rule,temperature,max_abs_score,threshold,score_train_unique,flag_rate,macro_f1_open,novel_recall,false_unknown_rate
ftt,1011,msp,,0.7904782295227051,0.007626235485076904,11410,0.09785947227986955,0.21137007668954985,0.3220812982511423,0.0012725452601930875
ftt,1011,energy_T0.05,0.05,1.5595606565475464,0.0076554641127586365,11410,0.09785947227986955,0.21137007668954985,0.3220812982511423,0.0012725452601930875
ftt,1011,energy_T0.1,0.1,1.5355722904205322,0.0076554641127586365,11410,0.09785947227986955,0.21137007668954985,0.3220812982511423,0.0012725452601930875
ftt,1011,energy_T0.25,0.25,1.3768099546432495,0.0076554641127586365,11413,0.09785947227986955,0.21137007668954985,0.3220812982511423,0.0012725452601930875
ftt,1011,energy_T0.5,0.5,0.978335440158844,0.007651100400835276,62453,0.09783575452119775,0.21135721833584714,0.3220025208760044,0.0012725452601930875
ftt,1011,energy_T1,1.0,3.725290298461914e-07,1.2293457984924316e-07,1364,0.10257930625555885,0.15279787282063692,0.08878210178036867,0.1085226597892665
ftt,123,msp,,0.6736035943031311,0.005996763706207275,10669,0.10742958790394308,0.2036624075380617,0.2975421458956988,0.02553574155454129
ftt,123,energy_T0.05,0.05,1.1195764541625977,0.0060148159973323345,10669,0.10742958790394308,0.2036624075380617,0.2975421458956988,0.02553574155454129
ftt,123,energy_T0.1,0.1,1.1160237789154053,0.0060148159973323345,10669,0.10742958790394308,0.2036624075380617,0.2975421458956988,0.02553574155454129
ftt,123,energy_T0.25,0.25,1.0491987466812134,0.0060148159973323345,10669,0.10742958790394308,0.2036624075380617,0.2975421458956988,0.02553574155454129
ftt,123,energy_T0.5,0.5,0.7957577705383301,0.006012294441461563,45546,0.10742958790394308,0.2036624075380617,0.2975421458956988,0.02553574155454129
ftt,123,energy_T1,1.0,3.9348378777503967e-07,1.2433156371116638e-07,1349,0.10502223539875481,0.14989245574097132,0.09264219316212384,0.11035512496394455
ftt,42,msp,,0.7462443709373474,0.006119728088378906,8653,0.1669374444115031,0.23975477651328347,0.5311170631794548,0.010061591190593345
ftt,42,energy_T0.05,0.05,1.3656827211380005,0.006138530094176531,8653,0.1669374444115031,0.23975477651328347,0.5311170631794548,0.010061591190593345
ftt,42,energy_T0.1,0.1,1.341230869293213,0.006138530094176531,8653,0.1669374444115031,0.23975477651328347,0.5311170631794548,0.010061591190593345
ftt,42,energy_T0.25,0.25,1.2250158786773682,0.006138530094176531,8653,0.1669374444115031,0.23975477651328347,0.5311170631794548,0.010061591190593345
ftt,42,energy_T0.5,0.5,0.9093156456947327,0.006135412957519293,49317,0.166949303290839,0.2397510787479031,0.5311170631794548,0.010078558460729253
ftt,42,energy_T1,1.0,3.6926940083503723e-07,1.2153759598731995e-07,1356,0.1023302697895049,0.15282886830600725,0.08953048684417836,0.1078439689838302
ftt,456,msp,,0.5045130252838135,0.006436824798583984,9269,0.1351437889119478,0.22211057062990783,0.4083031353395305,0.01747628823998507
ftt,456,energy_T0.05,0.05,0.6992687582969666,0.006457630544900894,9269,0.1351437889119478,0.22211057062990783,0.4083031353395305,0.01747628823998507
ftt,456,energy_T0.1,0.1,0.6801939010620117,0.006457630544900894,9269,0.1351437889119478,0.22211057062990783,0.4083031353395305,0.01747628823998507
ftt,456,energy_T0.25,0.25,0.5892913341522217,0.0064576310105621815,9269,0.1351437889119478,0.22211057062990783,0.4083031353395305,0.01747628823998507
ftt,456,energy_T0.5,0.5,0.4242795705795288,0.006454035174101591,56280,0.13513193003261192,0.22211399298403742,0.4083031353395305,0.01745932096984916
ftt,456,energy_T1,1.0,3.7532299757003784e-07,1.2153759598731995e-07,1357,0.10049214349243997,0.153251971956971,0.08787616196628328,0.10592666745847261
ftt,789,msp,,0.552390992641449,0.0076271891593933105,11813,0.2348295286095464,0.2571200619869059,0.7229399716401449,0.024568607156794542
ftt,789,energy_T0.05,0.05,0.7929893732070923,0.007656424771994352,11813,0.2348295286095464,0.2571200619869059,0.7229399716401449,0.024568607156794542
ftt,789,energy_T0.1,0.1,0.763811469078064,0.007656424771994352,11813,0.2348295286095464,0.2571200619869059,0.7229399716401449,0.024568607156794542
ftt,789,energy_T0.25,0.25,0.6634037494659424,0.007656424771994352,11814,0.2348295286095464,0.2571200619869059,0.7229399716401449,0.024568607156794542
ftt,789,energy_T0.5,0.5,0.517045259475708,0.007652569096535444,53823,0.23493625852356953,0.25723704505179823,0.7237277453915235,0.024381967185299558
ftt,789,energy_T1,1.0,3.7299469113349915e-07,1.2246891856193542e-07,1346,0.10178476134005336,0.15423107670671438,0.09110603434693557,0.10638478375214212
lightgbm,1011,msp,,0.4938580659523243,3.5970167211463178e-06,13585,0.1652060480284613,0.19674261425374176,0.3303135339530487,0.09408351290360893
lightgbm,1011,energy_T0.05,0.05,0.6580679173619255,3.597023190426477e-06,13584,0.1652060480284613,0.19674261425374176,0.3303135339530487,0.09408351290360893
lightgbm,1011,energy_T0.1,0.1,0.6243183790205662,3.597023190426477e-06,13584,0.1652060480284613,0.19674261425374176,0.3303135339530487,0.09408351290360893
lightgbm,1011,energy_T0.25,0.25,0.5209001092656865,3.5970231904264774e-06,13584,0.1652060480284613,0.19674261425374176,0.3303135339530487,0.09408351290360893
lightgbm,1011,energy_T0.5,0.5,0.3477980056515985,3.5970209098189495e-06,13639,0.1652060480284613,0.19674261425374176,0.3303135339530487,0.09408351290360893
lightgbm,1011,energy_T1,1.0,7.999999999968008e-12,-2.9998029728077415e-12,2,0.12525348354580493,0.19190967818020588,0.2699700645974476,0.06291463766394625
lightgbm,123,msp,,0.4913072881050553,0.000908725419127121,11134,0.12966498665876075,0.19945564338606983,0.30360800378131403,0.054736413458438674
lightgbm,123,energy_T0.05,0.05,0.655868477688806,0.0009091385603777384,11115,0.12966498665876075,0.19945564338606983,0.30360800378131403,0.054736413458438674
lightgbm,123,energy_T0.1,0.1,0.6398848499162861,0.0009091385603777384,11115,0.12966498665876075,0.19945564338606983,0.30360800378131403,0.054736413458438674
lightgbm,123,energy_T0.25,0.25,0.6290111037478141,0.000909138560367355,11124,0.12966498665876075,0.19945564338606983,0.30360800378131403,0.054736413458438674
lightgbm,123,energy_T0.5,0.5,0.5039086818254752,0.0009089919565842802,11122,0.12966498665876075,0.19945564338606983,0.30360800378131403,0.054736413458438674
lightgbm,123,energy_T1,1.0,7.999999999968008e-12,-2.9997320816557704e-12,6,0.13351912244292916,0.18212178783250055,0.23641090278871907,0.08919693910446748
lightgbm,2026,msp,,0.45827953421975653,1.4817505297637368e-05,10858,0.15005040023717758,0.19789230428498097,0.31877264849535214,0.07737075181973972
lightgbm,2026,energy_T0.05,0.05,0.6113118411455605,1.4817615077953438e-05,10853,0.15005040023717758,0.19789230428498097,0.31877264849535214,0.07737075181973972
lightgbm,2026,energy_T0.1,0.1,0.5959805004035946,1.4817615077953438e-05,10853,0.15005040023717758,0.19789230428498097,0.31877264849535214,0.07737075181973972
lightgbm,2026,energy_T0.25,0.25,0.5100052843315767,1.481761507795344e-05,10853,0.15005040023717758,0.19789230428498097,0.31877264849535214,0.07737075181973972
lightgbm,2026,energy_T0.5,0.5,0.34358238374477024,1.4817575941771748e-05,10860,0.15005040023717758,0.19789230428498097,0.31877264849535214,0.07737075181973972
lightgbm,2026,energy_T1,1.0,7.999999999968008e-12,-2.999797621677097e-12,3,0.1350607767565965,0.18217392445697927,0.2403497715456121,0.08970595720854471
lightgbm,3141,msp,,0.6249843164739082,0.0009088086391888517,11380,0.13962644530091906,0.20615993726532428,0.3441389632897432,0.05152959940275209
lightgbm,3141,energy_T0.05,0.05,0.9491047042270639,0.0009092218561359078,11354,0.13962644530091906,0.20615993726532428,0.3441389632897432,0.05152959940275209
lightgbm,3141,energy_T0.1,0.1,0.9144308151767847,0.0009092218561359078,11354,0.13962644530091906,0.20615993726532428,0.3441389632897432,0.05152959940275209
lightgbm,3141,energy_T0.25,0.25,0.8227426048312826,0.0009092218561255271,11346,0.13962644530091906,0.20615993726532428,0.3441389632897432,0.05152959940275209
lightgbm,3141,energy_T0.5,0.5,0.5977388533113439,0.0009090752398591645,11374,0.13962644530091906,0.20615993726532428,0.3441389632897432,0.05152959940275209
lightgbm,3141,energy_T1,1.0,7.999999999968008e-12,-2.999727094325777e-12,6,0.0813163356062852,0.1901392683132983,0.22093114857412952,0.021175153129612975
lightgbm,42,msp,,0.45869307775513224,0.0018493782729186448,9149,0.13220278683664394,0.19735931709552088,0.2972664250827162,0.06109913975940411
lightgbm,42,energy_T0.05,0.05,0.6123974167667634,0.0018510904842601126,9170,0.13220278683664394,0.19735931709552088,0.2972664250827162,0.06109913975940411
lightgbm,42,energy_T0.1,0.1,0.5983459929441749,0.0018510904842601126,9170,0.13220278683664394,0.19735931709552088,0.2972664250827162,0.06109913975940411
lightgbm,42,energy_T0.25,0.25,0.5143323783001725,0.0018510904840812912,9163,0.13220278683664394,0.19735931709552088,0.2972664250827162,0.06109913975940411
lightgbm,42,energy_T0.5,0.5,0.34875391915357423,0.0018504821400772335,9156,0.13220278683664394,0.19735931709552088,0.2972664250827162,0.06109913975940411
lightgbm,42,energy_T1,1.0,7.999999999968008e-12,-2.9997265522246908e-12,5,0.08139934776163653,0.1910765044571833,0.2249487947061604,0.01956326246670173
lightgbm,4242,msp,,0.46389033744342856,0.000533182703477908,11502,0.15371479395197155,0.20608113156465907,0.35973688356703953,0.06496767735039109
lightgbm,4242,energy_T0.05,0.05,0.62106420772322,0.0005333248959208324,11503,0.15371479395197155,0.20608113156465907,0.35973688356703953,0.06496767735039109
lightgbm,4242,energy_T0.1,0.1,0.603574179469149,0.0005333248959208324,11503,0.15371479395197155,0.20608113156465907,0.35973688356703953,0.06496767735039109
lightgbm,4242,energy_T0.25,0.25,0.514627947238175,0.0005333248959196041,11503,0.15371479395197155,0.20608113156465907,0.35973688356703953,0.06496767735039109
lightgbm,4242,energy_T0.5,0.5,0.34693400682517483,0.0005332744677744687,11513,0.15369107619329972,0.20606977911761068,0.3596581061919017,0.06496767735039109
lightgbm,4242,energy_T1,1.0,7.999999999968008e-12,-2.9997717634552834e-12,6,0.09088645123035873,0.18611483171996077,0.21395935087442886,0.037870946943346286
lightgbm,456,msp,,0.4910035549902131,3.513376221105921e-05,9688,0.15167506670619627,0.19721142176713433,0.3175122104931464,0.08023822047270815
lightgbm,456,energy_T0.05,0.05,0.6560187096345009,3.513437941613984e-05,9687,0.15167506670619627,0.19721142176713433,0.3175122104931464,0.08023822047270815
lightgbm,456,energy_T0.1,0.1,0.6230629156646331,3.513437941613984e-05,9687,0.15167506670619627,0.19721142176713433,0.3175122104931464,0.08023822047270815
lightgbm,456,energy_T0.25,0.25,0.5201442710551744,3.513437941613981e-05,9687,0.15167506670619627,0.19721142176713433,0.3175122104931464,0.08023822047270815
lightgbm,456,energy_T0.5,0.5,0.34721085288554915,3.513413730239106e-05,9675,0.15167506670619627,0.19721142176713433,0.3175122104931464,0.08023822047270815
lightgbm,456,energy_T1,1.0,7.999999999968008e-12,-2.999949731853765e-12,5,0.12399644233619923,0.12751457189150517,0.0,0.1774097765410523
lightgbm,5555,msp,,0.4574531923755324,7.54305066943406e-05,10960,0.147073821523866,0.2017882648496291,0.3328344099574602,0.06705465157710776
lightgbm,5555,energy_T0.05,0.05,0.6099431017668931,7.54333517180793e-05,10970,0.147073821523866,0.2017882648496291,0.3328344099574602,0.06705465157710776
lightgbm,5555,energy_T0.1,0.1,0.5952068187177278,7.54333517180793e-05,10970,0.147073821523866,0.2017882648496291,0.3328344099574602,0.06705465157710776
lightgbm,5555,energy_T0.25,0.25,0.5101230969274752,7.543335171807881e-05,10970,0.147073821523866,0.2017882648496291,0.3328344099574602,0.06705465157710776
lightgbm,5555,energy_T0.5,0.5,0.34409048777077295,7.54323433165201e-05,10990,0.147073821523866,0.2017882648496291,0.3328344099574602,0.06705465157710776
lightgbm,5555,energy_T1,1.0,7.999999999968008e-12,-2.999791584026249e-12,4,0.14478505781203677,0.17806261244932384,0.22936032771388057,0.10835298708790743
lightgbm,6789,msp,,0.4873070648922614,3.863850215424236e-05,11725,0.15343018084790988,0.19875833449929672,0.32637466519615566,0.07893174067224325
lightgbm,6789,energy_T0.05,0.05,0.6530735995715476,3.8639248640395525e-05,11704,0.15343018084790988,0.19875833449929672,0.32637466519615566,0.07893174067224325
lightgbm,6789,energy_T0.1,0.1,0.6216046295106213,3.8639248640395525e-05,11704,0.15343018084790988,0.19875833449929672,0.32637466519615566,0.07893174067224325
lightgbm,6789,energy_T0.25,0.25,0.5196629240607267,3.8639248640395376e-05,11704,0.15343018084790988,0.19875833449929672,0.32637466519615566,0.07893174067224325
lightgbm,6789,energy_T0.5,0.5,0.3470623884752049,3.8638829754679684e-05,11677,0.15343018084790988,0.19875833449929672,0.32637466519615566,0.07893174067224325
lightgbm,6789,energy_T1,1.0,7.999999999968008e-12,-2.999802283746439e-12,3,0.14492736436406758,0.19275317863152647,0.2941547187647708,0.08064543495596993
lightgbm,789,msp,,0.47119859168386136,0.0010850103421187196,10797,0.14221168099614587,0.20466713563680974,0.34016070584528124,0.05694215857610669
lightgbm,789,energy_T0.05,0.05,0.6332293096168967,0.0010855993919619677,10798,0.14221168099614587,0.20466713563680974,0.34016070584528124,0.05694215857610669
lightgbm,789,energy_T0.1,0.1,0.6120420104103297,0.0010855993919619677,10798,0.14221168099614587,0.20466713563680974,0.34016070584528124,0.05694215857610669
lightgbm,789,energy_T0.25,0.25,0.5187802224761067,0.0010855993919408427,10793,0.14221168099614587,0.20466713563680974,0.34016070584528124,0.05694215857610669
lightgbm,789,energy_T0.5,0.5,0.3517042892366161,0.0010853903177738984,10779,0.14221168099614587,0.20466713563680974,0.34016070584528124,0.05694215857610669
lightgbm,789,energy_T1,1.0,7.999999999968008e-12,-2.999734900581419e-12,6,0.1247079750963534,0.20290740314334496,0.316606270679061,0.042044895396779615
tabnet,1011,msp,,0.4883084297180176,0.00041550397872924805,10353,0.2669670916098429,0.23881189291825858,0.7068299984244525,0.07748952271069108
tabnet,1011,energy_T0.05,0.05,0.6548900008201599,0.0004155903297942132,10353,0.2669670916098429,0.23881189291825858,0.7068299984244525,0.07748952271069108
tabnet,1011,energy_T0.1,0.1,0.6233612895011902,0.0004155903297942132,10353,0.2669670916098429,0.23881189291825858,0.7068299984244525,0.07748952271069108
tabnet,1011,energy_T0.25,0.25,0.521379292011261,0.0004155903297942132,10353,0.2669670916098429,0.23881189291825858,0.7068299984244525,0.07748952271069108
tabnet,1011,energy_T0.5,0.5,0.3594518303871155,0.0004155172500759363,31118,0.2669670916098429,0.23881189291825858,0.7068299984244525,0.07748952271069108
tabnet,1011,energy_T1,1.0,2.514570951461792e-07,8.488223102176562e-08,93294,0.06163059590868663,0.1626396710751566,0.1245470300929573,0.034528394726572445
tabnet,123,msp,,0.5266866683959961,0.0007240533595904708,10261,0.19152090127482954,0.18540190211919041,0.3062076571608634,0.14211785465836402
tabnet,123,energy_T0.05,0.05,0.7295011281967163,0.0007243156433105469,10261,0.19152090127482954,0.18540190211919041,0.3062076571608634,0.14211785465836402
tabnet,123,energy_T0.1,0.1,0.6967718601226807,0.0007243156433105469,10261,0.19152090127482954,0.18540190211919041,0.3062076571608634,0.14211785465836402
tabnet,123,energy_T0.25,0.25,0.593926191329956,0.0007243156433105469,10264,0.19152090127482954,0.18540190211919041,0.3062076571608634,0.14211785465836402
tabnet,123,energy_T0.5,0.5,0.4151304066181183,0.0007240538252517581,30866,0.19152090127482954,0.18540190211919041,0.3062076571608634,0.14211785465836402
tabnet,123,energy_T1,1.0,2.6458474167156965e-07,6.005575414747e-08,92787,0.08278683664393714,0.17846259548669904,0.17587048999527335,0.04268965166194411
tabnet,42,msp,,0.675886869430542,0.002503562020137906,17664,0.31767565965016303,0.2548564577263385,0.8529620293051835,0.08709299760761491
tabnet,42,energy_T0.05,0.05,1.1265826225280762,0.0025067010428756475,17664,0.31767565965016303,0.2548564577263385,0.8529620293051835,0.08709299760761491
tabnet,42,energy_T0.1,0.1,1.1204231977462769,0.0025067010428756475,17664,0.31767565965016303,0.2548564577263385,0.8529620293051835,0.08709299760761491
tabnet,42,energy_T0.25,0.25,1.003896951675415,0.0025067010428756475,17676,0.31767565965016303,0.2548564577263385,0.8529620293051835,0.08709299760761491
tabnet,42,energy_T0.5,0.5,0.6935647130012512,0.002504616742953658,38617,0.3176638007708272,0.25486005526763045,0.8529620293051835,0.087076030337479
tabnet,42,energy_T1,1.0,2.655433490872383e-07,7.628386811120436e-08,98933,0.07762822413281945,0.16911066525988944,0.15448243264534425,0.044522116836622154
tabnet,456,msp,,0.5099987387657166,0.0017626285552978516,18588,0.13182330269789505,0.16263994182010816,0.1477469670710572,0.1249639445509612
tabnet,456,energy_T0.05,0.05,0.7131595015525818,0.0017641837475821376,18588,0.13182330269789505,0.16263994182010816,0.1477469670710572,0.1249639445509612
tabnet,456,energy_T0.1,0.1,0.7073933482170105,0.0017641837475821376,18588,0.13182330269789505,0.16263994182010816,0.1477469670710572,0.1249639445509612
tabnet,456,energy_T0.25,0.25,0.64131098985672,0.0017641837475821376,18599,0.13182330269789505,0.16263994182010816,0.1477469670710572,0.1249639445509612
tabnet,456,energy_T0.5,0.5,0.4620516896247864,0.001763303647749126,56595,0.13183516157723096,0.16264696429560174,0.14778635575862611,0.1249639445509612
tabnet,456,energy_T1,1.0,2.7194619178771973e-07,8.789356797933578e-08,87023,0.07514971835161577,0.14650529781516958,0.048329919647077356,0.08670275039448903
tabnet,789,msp,,0.49969565868377686,0.0020982264541089535,20319,0.16582270975392827,0.20455903245591056,0.3706869387112021,0.07757435906137061
tabnet,789,energy_T0.05,0.05,0.6629189252853394,0.0021004308946430683,20319,0.16582270975392827,0.20455903245591056,0.3706869387112021,0.07757435906137061
tabnet,789,energy_T0.1,0.1,0.6313199400901794,0.0021004308946430683,20319,0.16582270975392827,0.20455903245591056,0.3706869387112021,0.07757435906137061
tabnet,789,energy_T0.25,0.25,0.5292905569076538,0.0021004308946430683,20321,0.16582270975392827,0.20455903245591056,0.3706869387112021,0.07757435906137061
tabnet,789,energy_T0.5,0.5,0.35655146837234497,0.0020984432194381952,46769,0.16583456863326415,0.20455598670665295,0.3706869387112021,0.07759132633150652
tabnet,789,energy_T1,1.0,2.8405338525772095e-07,7.599764728638547e-08,74767,0.0739875481766973,0.16101679419867207,0.10418307861982039,0.060980368868452754
xgboost,1011,msp,,0.47734981775283813,0.00018149614334106445,4281,0.21430180847909872,0.2388283540589466,0.5967386166692926,0.049561396066986785
xgboost,1011,energy_T0.05,0.05,0.6416271924972534,0.00018151261610910296,4281,0.21430180847909872,0.2388283540589466,0.5967386166692926,0.049561396066986785
xgboost,1011,energy_T0.1,0.1,0.6156241297721863,0.00018151261610910296,4281,0.21430180847909872,0.2388283540589466,0.5967386166692926,0.049561396066986785
xgboost,1011,energy_T0.25,0.25,0.5183732509613037,0.00018151261610910296,4281,0.21430180847909872,0.2388283540589466,0.5967386166692926,0.049561396066986785
xgboost,1011,energy_T0.5,0.5,0.40668898820877075,0.00018150825053453445,19766,0.21430180847909872,0.2388283540589466,0.5967386166692926,0.049561396066986785
xgboost,1011,energy_T1,1.0,8.869392331689596e-08,5.759284249506891e-08,19487,0.06731099911058405,0.15645651723562026,0.08255868914447771,0.060742827086550044
xgboost,123,msp,,0.5119704604148865,0.00019341707229614258,4511,0.21822709753928254,0.2414749020439723,0.6160390735780684,0.046863600115377435
xgboost,123,energy_T0.05,0.05,0.7167813181877136,0.00019343577150721103,4511,0.21822709753928254,0.2414749020439723,0.6160390735780684,0.046863600115377435
xgboost,123,energy_T0.1,0.1,0.7069708108901978,0.00019343577150721103,4511,0.21822709753928254,0.2414749020439723,0.6160390735780684,0.046863600115377435
xgboost,123,energy_T0.25,0.25,0.6303743720054626,0.00019343577150721103,4511,0.21822709753928254,0.2414749020439723,0.6160390735780684,0.046863600115377435
xgboost,123,energy_T0.5,0.5,0.4524025321006775,0.0001934234460350126,20199,0.21825081529795434,0.241483290279674,0.6161178509532063,0.046863600115377435
xgboost,123,energy_T1,1.0,9.685754776000977e-08,5.4784322855994105e-08,23057,0.06719241031722502,0.15754632246289835,0.08681266740192217,0.05874068921051292
xgboost,2026,msp,,0.5942084193229675,0.00020200014114379883,4309,0.26250815297954344,0.25293997565839466,0.7470852371198992,0.05376927906069193
xgboost,2026,energy_T0.05,0.05,0.8965076804161072,0.00020202055748086423,4309,0.26250815297954344,0.25293997565839466,0.7470852371198992,0.05376927906069193
xgboost,2026,energy_T0.1,0.1,0.8725724220275879,0.00020202055748086423,4309,0.26250815297954344,0.25293997565839466,0.7470852371198992,0.05376927906069193
xgboost,2026,energy_T0.25,0.25,0.7624835968017578,0.00020202055748086423,4309,0.26250815297954344,0.25293997565839466,0.7470852371198992,0.05376927906069193
xgboost,2026,energy_T0.5,0.5,0.5263931751251221,0.0002020090032601729,21810,0.26255558849688704,0.2529325506996463,0.7471246258074681,0.053820180871099646
xgboost,2026,energy_T1,1.0,8.940696716308594e-08,5.70353222428821e-08,21494,0.06739401126593537,0.15848481918624088,0.09106664565936663,0.057196667628145306
xgboost,3141,msp,,0.4938783049583435,0.00016701221466064453,4151,0.21041209605692263,0.2416908453933146,0.6051677958090437,0.04036513565332474
xgboost,3141,energy_T0.05,0.05,0.6697729229927063,0.00016702616994734854,4151,0.21041209605692263,0.2416908453933146,0.6051677958090437,0.04036513565332474
xgboost,3141,energy_T0.1,0.1,0.6403517127037048,0.00016702616994734854,4151,0.21041209605692263,0.2416908453933146,0.6051677958090437,0.04036513565332474
xgboost,3141,energy_T0.25,0.25,0.539850652217865,0.00016702616994734854,4151,0.21041209605692263,0.2416908453933146,0.6051677958090437,0.04036513565332474
xgboost,3141,energy_T0.5,0.5,0.3914879262447357,0.00016702130960766226,20738,0.21041209605692263,0.2416908453933146,0.6051677958090437,0.04036513565332474
xgboost,3141,energy_T1,1.0,8.870847523212433e-08,5.5271812016144395e-08,20247,0.06744144678327899,0.16079774026273166,0.0993776587364109,0.05368444271001239
xgboost,42,msp,,0.560017466545105,0.00020712614059448242,4505,0.2274651645419508,0.23737007162176632,0.6092642193162123,0.06299947401462579
xgboost,42,energy_T0.05,0.05,0.820894718170166,0.00020714760466944426,4505,0.2274651645419508,0.23737007162176632,0.6092642193162123,0.06299947401462579
xgboost,42,energy_T0.1,0.1,0.8160170912742615,0.00020714760466944426,4505,0.2274651645419508,0.23737007162176632,0.6092642193162123,0.06299947401462579
xgboost,42,energy_T0.25,0.25,0.7424603700637817,0.00020714760466944426,4505,0.2274651645419508,0.23737007162176632,0.6092642193162123,0.06299947401462579
xgboost,42,energy_T0.5,0.5,0.5246322154998779,0.0002071360795525834,18914,0.2274770234212867,0.23737425728559072,0.6093036080037814,0.06299947401462579
xgboost,42,energy_T1,1.0,8.940696716308594e-08,5.569199856836349e-08,21897,0.06904239549362585,0.15893920365535558,0.09331180085079566,0.05858798377928975
xgboost,4242,msp,,0.47245848178863525,0.00019687414169311523,4267,0.25440853839312183,0.25169816852639365,0.7269182290846069,0.05086787586745169
xgboost,4242,energy_T0.05,0.05,0.6344863772392273,0.0001968935102922842,4267,0.25440853839312183,0.25169816852639365,0.7269182290846069,0.05086787586745169
xgboost,4242,energy_T0.1,0.1,0.6113330125808716,0.0001968935102922842,4267,0.25440853839312183,0.25169816852639365,0.7269182290846069,0.05086787586745169
xgboost,4242,energy_T0.25,0.25,0.5680024027824402,0.00019689352484419942,4267,0.25440853839312183,0.25169816852639365,0.7269182290846069,0.05086787586745169
xgboost,4242,energy_T0.5,0.5,0.45315542817115784,0.00019688480824697763,23188,0.25440853839312183,0.25169816852639365,0.7269182290846069,0.05086787586745169
xgboost,4242,energy_T1,1.0,9.313225746154785e-08,5.4855263442732394e-08,21153,0.06317225022235398,0.1609432661204899,0.09792027729636049,0.04820401445611416
xgboost,456,msp,,0.5314737558364868,0.00024634599685668945,4410,0.25066113252297656,0.22964250819338192,0.6040649125571136,0.09842713405840134
xgboost,456,energy_T0.05,0.05,0.7580795288085938,0.0002463763521518558,4410,0.25066113252297656,0.22964250819338192,0.6040649125571136,0.09842713405840134
xgboost,456,energy_T0.1,0.1,0.754149317741394,0.0002463763521518558,4410,0.25066113252297656,0.22964250819338192,0.6040649125571136,0.09842713405840134
xgboost,456,energy_T0.25,0.25,0.6928872466087341,0.0002463763521518558,4410,0.25066113252297656,0.22964250819338192,0.6040649125571136,0.09842713405840134
xgboost,456,energy_T0.5,0.5,0.5019384622573853,0.00024636779562570155,22207,0.25066113252297656,0.22964250819338192,0.6040649125571136,0.09842713405840134
xgboost,456,energy_T1,1.0,1.1920928955078125e-07,5.5741111282259226e-08,21129,0.07472279869552327,0.16202826764246883,0.10879155506538522,0.06004716901097783
xgboost,5555,msp,,0.4886277914047241,0.00020998716354370117,4396,0.21664986658760746,0.24249360614760823,0.6187568930203245,0.043436211547924056
xgboost,5555,energy_T0.05,0.05,0.6680882573127747,0.00021000920969527215,4396,0.21664986658760746,0.24249360614760823,0.6187568930203245,0.043436211547924056
xgboost,5555,energy_T0.1,0.1,0.649986207485199,0.00021000920969527215,4396,0.21664986658760746,0.24249360614760823,0.6187568930203245,0.043436211547924056
xgboost,5555,energy_T0.25,0.25,0.5685421228408813,0.00021000920969527215,4396,0.21664986658760746,0.24249360614760823,0.6187568930203245,0.043436211547924056
xgboost,5555,energy_T0.5,0.5,0.43912920355796814,0.00020999176194891334,20974,0.21667358434627929,0.2424863638041916,0.6187568930203245,0.04347014608819587
xgboost,5555,energy_T1,1.0,8.8853994384408e-08,5.665606295224279e-08,21453,0.08139934776163653,0.15736194764054193,0.09543878997951788,0.0753516466735667
xgboost,6789,msp,,0.49693238735198975,0.00021857023239135742,4561,0.2425496590572191,0.24512629183270754,0.6728769497400346,0.0571797003580094
xgboost,6789,energy_T0.05,0.05,0.6589902639389038,0.0002185941266361624,4561,0.2425496590572191,0.24512629183270754,0.6728769497400346,0.0571797003580094
xgboost,6789,energy_T0.1,0.1,0.6303417682647705,0.0002185941266361624,4561,0.2425496590572191,0.24512629183270754,0.6728769497400346,0.0571797003580094
xgboost,6789,energy_T0.25,0.25,0.5767987370491028,0.0002185941266361624,4561,0.2425496590572191,0.24512629183270754,0.6728769497400346,0.0571797003580094
xgboost,6789,energy_T0.5,0.5,0.4532104730606079,0.00021858479885850102,22861,0.242561517936555,0.24513020179883632,0.6729163384276036,0.0571797003580094
xgboost,6789,energy_T1,1.0,1.1920928955078125e-07,5.591573426499963e-08,24013,0.08122146457159798,0.16049412748541472,0.10745233968804159,0.06992212023007618
xgboost,789,msp,,0.5541399717330933,0.00028389692306518555,4616,0.26350429884375925,0.23330198546158082,0.6429809358752167,0.10003902472131258
xgboost,789,energy_T0.05,0.05,0.8076570630073547,0.00028393720276653767,4616,0.26350429884375925,0.23330198546158082,0.6429809358752167,0.10003902472131258
xgboost,789,energy_T0.1,0.1,0.8034350275993347,0.00028393720276653767,4616,0.26350429884375925,0.23330198546158082,0.6429809358752167,0.10003902472131258
xgboost,789,energy_T0.25,0.25,0.7335114479064941,0.00028393720276653767,4616,0.26350429884375925,0.23330198546158082,0.6429809358752167,0.10003902472131258
xgboost,789,energy_T0.5,0.5,0.5191619396209717,0.00028390411171130836,22931,0.2635280166024311,0.23330987235750328,0.6430597132503545,0.10003902472131258
xgboost,789,energy_T1,1.0,1.1920928955078125e-07,5.5508280638605356e-08,21849,0.06871034687222058,0.16059623526924272,0.09941704742397983,0.05548297334441862
