base_model,method,seed,features,n_features,n_train,n_test,threshold_quantile,fit_seconds,score_seconds,shared_base_fit,macro_f1_open,novel_recall,false_unknown_rate,known_classification_acc,macro_f1_known_only,threshold
ftt,energy,1011,full,89,215675,84325,0.95,4517.561865091324,0.0,True,0.21137007668954985,0.3220812982511423,0.0012725452601930875,1.0,0.16567870794138675,0.0076554641127586365
ftt,energy,123,full,89,215675,84325,0.95,5935.457084655762,0.031266212463378906,True,0.2036624075380617,0.2975421458956988,0.02553574155454129,1.0,0.16666376473456027,0.0060148159973323345
ftt,energy,42,full,89,215675,84325,0.95,5870.857010126114,0.019167423248291016,True,0.23975477651328347,0.5311170631794548,0.010061591190593345,1.0,0.16666666666666666,0.006138530094176531
ftt,energy,456,full,89,215675,84325,0.95,4919.469651222229,0.012323856353759766,True,0.22211057062990783,0.4083031353395305,0.01747628823998507,1.0,0.16666234951115408,0.0064576310105621815
ftt,energy,789,full,89,215675,84325,0.95,5222.001740694046,0.009713411331176758,True,0.2571200619869059,0.7229399716401449,0.024568607156794542,0.9999478161039503,0.16666231789519462,0.007656424771994352
ftt,knn,1011,full,89,215675,84325,0.95,4517.561865091324,6.367217063903809,True,0.24820167123893375,0.7209705372616985,0.0645434955969934,1.0,0.16666666666666666,5.392540641819869e-05
ftt,knn,123,full,89,215675,84325,0.95,5935.457084655762,4.685092210769653,True,0.23358929521777902,0.5906333700961084,0.0716867163242106,1.0,0.16666666666666666,5.2560443085474295e-05
ftt,knn,42,full,89,215675,84325,0.95,5870.857010126114,5.216069459915161,True,0.2496060701928599,0.7352686308492201,0.06420415019427524,1.0,0.16666666666666666,4.070890953542244e-05
ftt,knn,456,full,89,215675,84325,0.95,4919.469651222229,4.546546697616577,True,0.2583495093448902,0.823932566566882,0.0599962672005701,1.0,0.16666666666666666,4.279583141331853e-05
ftt,knn,789,full,89,215675,84325,0.95,5222.001740694046,6.255183696746826,True,0.23388046602711818,0.6552702063967228,0.10324583877699917,1.0,0.16666666666666666,5.98081292958619e-05
ftt,mahalanobis,1011,full,89,215675,84325,0.95,4517.561865091324,0.405611515045166,True,0.2020376160225417,0.26666141484165745,0.0006786908054363134,1.0,0.16567929156539743,0.001785546805580869
ftt,mahalanobis,123,full,89,215675,84325,0.95,5935.457084655762,0.6425652503967285,True,0.20792985106456027,0.30053568615093745,0.0050392792303646265,1.0,0.16666382451413403,0.0017036968493413986
ftt,mahalanobis,42,full,89,215675,84325,0.95,5870.857010126114,0.43969082832336426,True,0.2019718016962599,0.2663069166535371,0.0007465598859799447,1.0,0.16569041188386227,0.0024371562467558902
ftt,mahalanobis,456,full,89,215675,84325,0.95,4919.469651222229,0.4408547878265381,True,0.22838279139571396,0.4300850795651489,0.001849432444813954,1.0,0.1666539186107452,0.002857837108041856
ftt,mahalanobis,789,full,89,215675,84325,0.95,5222.001740694046,0.4136013984680176,True,0.20637673877156812,0.29293366945013394,0.006464529921780884,0.9999146116538015,0.16665812754039008,0.0036733757730383464
ftt,msp,1011,full,89,215675,84325,0.95,4517.561865091324,0.0,True,0.21137007668954985,0.3220812982511423,0.0012725452601930875,1.0,0.16567870794138675,0.007626235485076904
ftt,msp,123,full,89,215675,84325,0.95,5935.457084655762,0.024489164352416992,True,0.2036624075380617,0.2975421458956988,0.02553574155454129,1.0,0.16666376473456027,0.005996763706207275
ftt,msp,42,full,89,215675,84325,0.95,5870.857010126114,0.0,True,0.23975477651328347,0.5311170631794548,0.010061591190593345,1.0,0.16666666666666666,0.006119728088378906
ftt,msp,456,full,89,215675,84325,0.95,4919.469651222229,0.022086381912231445,True,0.22211057062990783,0.4083031353395305,0.01747628823998507,1.0,0.16666234951115408,0.006436824798583984
ftt,msp,789,full,89,215675,84325,0.95,5222.001740694046,0.021567583084106445,True,0.2571200619869059,0.7229399716401449,0.024568607156794542,0.9999478161039503,0.16666231789519462,0.0076271891593933105
ftt,none,1011,full,89,215675,84325,0.95,4517.561865091324,0.008873462677001953,True,0.14196938250666422,0.0,0.0,0.9998812291090486,0.16563094625777494,inf
ftt,none,123,full,89,215675,84325,0.95,5935.457084655762,0.0,True,0.13818281578086586,0.0,0.0,0.9999151636493204,0.16121328507767682,inf
ftt,none,42,full,89,215675,84325,0.95,5870.857010126114,0.018795251846313477,True,0.14176988042518696,0.0,0.0,1.0,0.16539819382938478,inf
ftt,none,456,full,89,215675,84325,0.95,4919.469651222229,0.0,True,0.1423811939793675,0.0,0.0,0.9999321309194563,0.16611139297592875,inf
ftt,none,789,full,89,215675,84325,0.95,5222.001740694046,0.0,True,0.1428074373923301,0.0,0.0,0.9993382764646996,0.16660867695771844,inf
lightgbm,energy,1011,full,89,215675,84325,0.95,54.5780553817749,0.03050851821899414,True,0.19674261425374176,0.3303135339530487,0.09408351290360893,1.0,0.16666666666666666,3.5970231904264774e-06
lightgbm,energy,123,full,89,215675,84325,0.95,33.42716026306152,0.03657364845275879,True,0.19945564338606983,0.30360800378131403,0.054736413458438674,0.9998205022347472,0.16665021137569225,0.0009091385603810721
lightgbm,energy,2026,full,89,215675,84325,0.95,60.29718089103699,0.0,True,0.1978562822574654,0.3182212068693871,0.07704837368715747,1.0,0.16665594352889274,1.4817556746082417e-05
lightgbm,energy,3141,full,89,215675,84325,0.95,44.935187578201294,0.031052827835083008,True,0.20615993726532428,0.3441389632897432,0.05152959940275209,0.9999284436493738,0.16655343798047698,0.0009092218561359078
lightgbm,energy,42,full,89,215675,84325,0.95,22.858088970184326,0.0324549674987793,True,0.19735931709552088,0.2972664250827162,0.06109913975940411,0.999801214399306,0.16665009955329038,0.0018510904842601126
lightgbm,energy,4242,full,89,215675,84325,0.95,36.92202067375183,0.0313565731048584,True,0.20608113156465907,0.35973688356703953,0.06496767735039109,0.9999274152573129,0.16663944985756537,0.0005333248959117238
lightgbm,energy,456,full,89,215675,84325,0.95,40.405235290527344,0.0,True,0.19721142176713433,0.3175122104931464,0.08023822047270815,0.9999815525383707,0.1666651293640179,3.513437941613984e-05
lightgbm,energy,5555,full,89,215675,84325,0.95,43.70897674560547,0.032500505447387695,True,0.2017882648496291,0.3328344099574602,0.06705465157710776,1.0,0.16666666666666666,7.54333517180793e-05
lightgbm,energy,6789,full,89,215675,84325,0.95,30.43687152862549,0.0,True,0.19875833449929672,0.32637466519615566,0.07893174067224325,1.0,0.16666666666666666,3.863924863351187e-05
lightgbm,energy,789,full,89,215675,84325,0.95,40.7153377532959,0.031342506408691406,True,0.20466713563680974,0.34016070584528124,0.05694215857610669,0.9998200824022597,0.16665167218463606,0.0010855993875473718
lightgbm,knn,1011,full,89,215675,84325,0.95,54.5780553817749,7.046590805053711,True,0.19782716162550784,0.36812667401922167,0.11873695641108302,1.0,0.16666666666666666,8.826385439610607e-08
lightgbm,knn,123,full,89,215675,84325,0.95,33.42716026306152,6.149130344390869,True,0.20612718093018784,0.409721128092012,0.10283862429373739,1.0,0.16666666666666666,5.502006153219899e-06
lightgbm,knn,2026,full,89,215675,84325,0.95,60.29718089103699,6.932871341705322,True,0.19468544700721682,0.3373641090278872,0.11223849194903032,1.0,0.16666666666666666,2.411713310701066e-07
lightgbm,knn,3141,full,89,215675,84325,0.95,44.935187578201294,5.799712419509888,True,0.23574416083569183,0.6294706160390736,0.08076420584692129,1.0,0.16655906441378293,3.9040750140621636e-06
lightgbm,knn,42,full,89,215675,84325,0.95,22.858088970184326,8.880676031112671,True,0.20507375248596788,0.39569875531747284,0.09841016678826543,1.0,0.16666666666666666,1.0504464299055377e-05
lightgbm,knn,4242,full,89,215675,84325,0.95,36.92202067375183,5.801831245422363,True,0.24459811409351961,0.7752087600441153,0.10523100938290038,1.0,0.16666666666666666,5.775801713203276e-06
lightgbm,knn,456,full,89,215675,84325,0.95,40.405235290527344,5.7152464389801025,True,0.2027583494077008,0.3740349771545612,0.09496581095067615,1.0,0.16666666666666666,3.2030444655756453e-07
lightgbm,knn,5555,full,89,215675,84325,0.95,43.70897674560547,5.169363975524902,True,0.22985479458760635,0.5961477863557586,0.09316728031626992,1.0,0.16666666666666666,4.844211446014917e-07
lightgbm,knn,6789,full,89,215675,84325,0.95,30.43687152862549,6.495636701583862,True,0.19856581042968888,0.3613912084449346,0.10908257970375146,1.0,0.16666666666666666,6.03962521212218e-07
lightgbm,knn,789,full,89,215675,84325,0.95,40.7153377532959,5.700523614883423,True,0.2085351699497026,0.428903418938081,0.10317796969645554,1.0,0.16666666666666666,4.752618996433376e-06
lightgbm,mahalanobis,1011,full,89,215675,84325,0.95,54.5780553817749,1.0393526554107666,True,0.13459275958562197,0.03489837718607216,0.18166856134516518,1.0,0.16546249219516546,0.0005609621511398928
lightgbm,mahalanobis,123,full,89,215675,84325,0.95,33.42716026306152,0.675274133682251,True,0.17843445231712574,0.2937608318890815,0.17552640955596654,0.9997942048073757,0.16664951530244715,0.0026438371938435953
lightgbm,mahalanobis,2026,full,89,215675,84325,0.95,60.29718089103699,0.6751720905303955,True,0.1679166776092155,0.2258547345202458,0.17635780579262603,1.0,0.165828012748906,0.0004438210558346286
lightgbm,mahalanobis,3141,full,89,215675,84325,0.95,44.935187578201294,0.9369761943817139,True,0.20206666603041018,0.29324877895068535,0.030490184434226377,0.9999474973748688,0.16666229133304747,0.0012311547487021436
lightgbm,mahalanobis,42,full,89,215675,84325,0.95,22.858088970184326,0.7702136039733887,True,0.1814997415942587,0.3103434693556011,0.17055499940614555,0.9999181753093996,0.16665984766346856,0.0009958432970322152
lightgbm,mahalanobis,4242,full,89,215675,84325,0.95,36.92202067375183,0.9761464595794678,True,0.181412316851358,0.30675909878682844,0.16799294161562348,1.0,0.16666666666666666,0.0006020695618090486
lightgbm,mahalanobis,456,full,89,215675,84325,0.95,40.405235290527344,0.9929733276367188,True,0.19318805610173545,0.27540570348196,0.06479800464903201,0.9999818571065714,0.16657599990328878,0.0007321933574537657
lightgbm,mahalanobis,5555,full,89,215675,84325,0.95,43.70897674560547,0.9720652103424072,True,0.17024449393949737,0.22892705215062234,0.16739908716086668,1.0,0.16666666666666666,0.0007438697016605874
lightgbm,mahalanobis,6789,full,89,215675,84325,0.95,30.43687152862549,0.6852841377258301,True,0.18786361300416868,0.27702063967228613,0.09932639937560446,1.0,0.1666305675101313,0.000817691774446053
lightgbm,mahalanobis,789,full,89,215675,84325,0.95,40.7153377532959,1.0356178283691406,True,0.19095059436313372,0.31156451867023793,0.1124251319205253,0.9999235342470991,0.1666602942769568,0.0008870432324827899
lightgbm,msp,1011,full,89,215675,84325,0.95,54.5780553817749,0.033720970153808594,True,0.19674261425374176,0.3303135339530487,0.09408351290360893,1.0,0.16666666666666666,3.5970167211463178e-06
lightgbm,msp,123,full,89,215675,84325,0.95,33.42716026306152,0.0,True,0.19945564338606983,0.30360800378131403,0.054736413458438674,0.9998205022347472,0.16665021137569225,0.0009087254191304517
lightgbm,msp,2026,full,89,215675,84325,0.95,60.29718089103699,0.0,True,0.1978562822574654,0.3182212068693871,0.07704837368715747,1.0,0.16665594352889274,1.4817446966630676e-05
lightgbm,msp,3141,full,89,215675,84325,0.95,44.935187578201294,0.03161883354187012,True,0.20615993726532428,0.3441389632897432,0.05152959940275209,0.9999284436493738,0.16655343798047698,0.0009088086391888517
lightgbm,msp,42,full,89,215675,84325,0.95,22.858088970184326,0.028223276138305664,True,0.19735931709552088,0.2972664250827162,0.06109913975940411,0.999801214399306,0.16665009955329038,0.0018493782729186448
lightgbm,msp,4242,full,89,215675,84325,0.95,36.92202067375183,0.032199859619140625,True,0.20608113156465907,0.35973688356703953,0.06496767735039109,0.9999274152573129,0.16663944985756537,0.0005331827034688041
lightgbm,msp,456,full,89,215675,84325,0.95,40.405235290527344,0.0319063663482666,True,0.19721142176713433,0.3175122104931464,0.08023822047270815,0.9999815525383707,0.1666651293640179,3.513376221105921e-05
lightgbm,msp,5555,full,89,215675,84325,0.95,43.70897674560547,0.03653717041015625,True,0.2017882648496291,0.3328344099574602,0.06705465157710776,1.0,0.16666666666666666,7.54305066943406e-05
lightgbm,msp,6789,full,89,215675,84325,0.95,30.43687152862549,0.0,True,0.19875833449929672,0.32637466519615566,0.07893174067224325,1.0,0.16666666666666666,3.863850214735898e-05
lightgbm,msp,789,full,89,215675,84325,0.95,40.7153377532959,0.032447099685668945,True,0.20466713563680974,0.34016070584528124,0.05694215857610669,0.9998200824022597,0.16665167218463606,0.0010850103377089138
lightgbm,none,1011,full,89,215675,84325,0.95,54.5780553817749,0.0,True,0.14133715611200356,0.0,0.0,0.9986935201995351,0.1648933487973375,inf
lightgbm,none,123,full,89,215675,84325,0.95,33.42716026306152,0.0,True,0.14152137765364606,0.0,0.0,0.9985917165787197,0.16510827392925373,inf
lightgbm,none,2026,full,89,215675,84325,0.95,60.29718089103699,0.0,True,0.14129918141008715,0.0,0.0,0.9987104874696711,0.164849044978435,inf
lightgbm,none,3141,full,89,215675,84325,0.95,44.935187578201294,0.0,True,0.1415836278837305,0.0,0.0,0.9997624582180973,0.16518089919768555,inf
lightgbm,none,42,full,89,215675,84325,0.95,22.858088970184326,0.0,True,0.14144927536231883,0.0,0.0,0.999813360028505,0.16502415458937197,inf
lightgbm,none,4242,full,89,215675,84325,0.95,36.92202067375183,0.0,True,0.14128150819318025,0.0,0.0,0.9987953238203505,0.16482842622537697,inf
lightgbm,none,456,full,89,215675,84325,0.95,40.405235290527344,0.0,True,0.1414055376937473,0.0,0.0,0.9999660654597282,0.16497312730937186,inf
lightgbm,none,5555,full,89,215675,84325,0.95,43.70897674560547,0.0,True,0.1413699853444768,0.0,0.0,0.9992025383036124,0.1649316495685563,inf
lightgbm,none,6789,full,89,215675,84325,0.95,30.43687152862549,0.0,True,0.140512718947121,0.0,0.0,0.9991346692230687,0.16393150543830784,inf
lightgbm,none,789,full,89,215675,84325,0.95,40.7153377532959,0.0,True,0.1413499195947431,0.0,0.0,0.9984899129579042,0.16490823952720027,inf
tabnet,energy,1011,full,89,215675,84325,0.95,201.15239882469177,0.0,True,0.23881189291825858,0.7068299984244525,0.07748952271069108,0.9999632150082767,0.1599317536660342,0.0004155903297942132
tabnet,energy,123,full,89,215675,84325,0.95,134.62678408622742,0.008668899536132812,True,0.18540190211919041,0.3062076571608634,0.14211785465836402,1.0,0.16666666666666666,0.0007243156433105469
tabnet,energy,42,full,89,215675,84325,0.95,131.62041783332825,0.0,True,0.2548564577263385,0.8529620293051835,0.08709299760761491,0.9999814140212624,0.1665660515211462,0.0025067010428756475
tabnet,energy,456,full,89,215675,84325,0.95,87.30427527427673,0.0,True,0.16263994182010816,0.1477469670710572,0.1249639445509612,0.9999030481656713,0.166593977456653,0.0017641837475821376
tabnet,energy,789,full,89,215675,84325,0.95,115.26288843154907,0.008182048797607422,True,0.20455903245591056,0.3706869387112021,0.07757435906137061,0.9999632116251265,0.16561714572956177,0.0021004308946430683
tabnet,knn,1011,full,89,215675,84325,0.95,201.15239882469177,4.666348218917847,True,0.23744680706693094,0.7293997164014495,0.10921831786483872,0.9999619047619047,0.16370734871305528,4.027290888011538e-05
tabnet,knn,123,full,89,215675,84325,0.95,134.62678408622742,6.369909048080444,True,0.22787197590300837,0.571687411375453,0.08992653172031152,1.0,0.16666666666666666,3.477779089805056e-05
tabnet,knn,42,full,89,215675,84325,0.95,131.62041783332825,4.9848432540893555,True,0.2655883485138208,0.8921537734362691,0.05205558477696524,0.9999821009862356,0.1665697683085721,0.000305181274141397
tabnet,knn,456,full,89,215675,84325,0.95,87.30427527427673,3.9660797119140625,True,0.21989183462572384,0.5238301559792028,0.1035173150991737,0.999924294041941,0.16666035759801137,0.00021260009689665836
tabnet,knn,789,full,89,215675,84325,0.95,115.26288843154907,9.76443076133728,True,0.2161586830808135,0.4276035922483063,0.056993060386514416,0.9999640145381266,0.1656413924654268,0.00024153331458062752
tabnet,mahalanobis,1011,full,89,215675,84325,0.95,201.15239882469177,0.2499706745147705,True,0.1863125575145351,0.2913187332598078,0.08806013200536165,0.999832548793421,0.15948738952104516,0.0026421102762320256
tabnet,mahalanobis,123,full,89,215675,84325,0.95,134.62678408622742,0.22380518913269043,True,0.179736319297391,0.29183078619820385,0.16537998201469364,1.0,0.16666666666666666,0.011163947797682223
tabnet,mahalanobis,42,full,89,215675,84325,0.95,131.62041783332825,0.23176050186157227,True,0.2448568599544029,0.7178982196313218,0.0786263298097969,0.9999815848111523,0.16655931194827342,0.015827530489863552
tabnet,mahalanobis,456,full,89,215675,84325,0.95,87.30427527427673,0.2180650234222412,True,0.15216925667051356,0.0712147471246258,0.08809406654563347,0.9999069680900549,0.16659691544602032,0.007399809053961997
tabnet,mahalanobis,789,full,89,215675,84325,0.95,115.26288843154907,0.24577045440673828,True,0.19677455512928807,0.33433118008507956,0.09287883672395948,0.999962590950751,0.16569347590268094,0.018962078032009083
tabnet,msp,1011,full,89,215675,84325,0.95,201.15239882469177,0.0,True,0.23881189291825858,0.7068299984244525,0.07748952271069108,0.9999632150082767,0.1599317536660342,0.00041550397872924805
tabnet,msp,123,full,89,215675,84325,0.95,134.62678408622742,0.012753009796142578,True,0.18540190211919041,0.3062076571608634,0.14211785465836402,1.0,0.16666666666666666,0.0007240533595904708
tabnet,msp,42,full,89,215675,84325,0.95,131.62041783332825,0.0,True,0.2548564577263385,0.8529620293051835,0.08709299760761491,0.9999814140212624,0.1665660515211462,0.002503562020137906
tabnet,msp,456,full,89,215675,84325,0.95,87.30427527427673,0.0,True,0.16263994182010816,0.1477469670710572,0.1249639445509612,0.9999030481656713,0.166593977456653,0.0017626285552978516
tabnet,msp,789,full,89,215675,84325,0.95,115.26288843154907,0.011983394622802734,True,0.20455903245591056,0.3706869387112021,0.07757435906137061,0.9999632116251265,0.16561714572956177,0.0020982264541089535
tabnet,none,1011,full,89,215675,84325,0.95,201.15239882469177,0.0,True,0.13442573205886815,0.0,0.0,0.9996945891375537,0.1568300207353462,inf
tabnet,none,123,full,89,215675,84325,0.95,134.62678408622742,0.0,True,0.14196056503683924,0.0,0.0,0.9993891782751073,0.16562065920964578,inf
tabnet,none,42,full,89,215675,84325,0.95,131.62041783332825,0.0,True,0.13640814342426594,0.0,0.0,0.9998642618389127,0.15914283399497692,inf
tabnet,none,456,full,89,215675,84325,0.95,87.30427527427673,0.0,True,0.1418372421499555,0.0,0.0,0.9993043419244277,0.16547678250828143,inf
tabnet,none,789,full,89,215675,84325,0.95,115.26288843154907,0.012166261672973633,True,0.1414170070660419,0.0,0.0,0.9980148293940988,0.16498650824371555,inf
xgboost,energy,1011,full,89,215675,84325,0.95,67.79500794410706,0.0,True,0.2388283540589466,0.5967386166692926,0.049561396066986785,1.0,0.16666666666666666,0.00018151261610910296
xgboost,energy,123,full,89,215675,84325,0.95,51.12143659591675,0.0,True,0.2414749020439723,0.6160390735780684,0.046863600115377435,1.0,0.16666666666666666,0.00019343577150721103
xgboost,energy,2026,full,89,215675,84325,0.95,39.4602952003479,0.0,True,0.25293997565839466,0.7470852371198992,0.05376927906069193,1.0,0.16666666666666666,0.00020202055748086423
xgboost,energy,3141,full,89,215675,84325,0.95,60.502206802368164,0.03107285499572754,True,0.2416908453933146,0.6051677958090437,0.04036513565332474,1.0,0.16666666666666666,0.00016702616994734854
xgboost,energy,42,full,89,215675,84325,0.95,49.97284007072449,0.032059669494628906,True,0.23737007162176632,0.6092642193162123,0.06299947401462579,1.0,0.16666666666666666,0.00020714760466944426
xgboost,energy,4242,full,89,215675,84325,0.95,39.482431411743164,0.0,True,0.25169816852639365,0.7269182290846069,0.05086787586745169,1.0,0.16666666666666666,0.00019689352484419942
xgboost,energy,456,full,89,215675,84325,0.95,57.661364793777466,0.0,True,0.22964250819338192,0.6040649125571136,0.09842713405840134,1.0,0.16666666666666666,0.0002463763521518558
xgboost,energy,5555,full,89,215675,84325,0.95,46.95416307449341,0.0,True,0.24249360614760823,0.6187568930203245,0.043436211547924056,1.0,0.16666666666666666,0.00021000920969527215
xgboost,energy,6789,full,89,215675,84325,0.95,50.403024435043335,0.0,True,0.24512629183270754,0.6728769497400346,0.0571797003580094,1.0,0.16666666666666666,0.0002185941266361624
xgboost,energy,789,full,89,215675,84325,0.95,47.449912786483765,0.0,True,0.23330198546158082,0.6429809358752167,0.10003902472131258,1.0,0.16666666666666666,0.00028393720276653767
xgboost,knn,1011,full,89,215675,84325,0.95,67.79500794410706,4.1313796043396,True,0.23630269973722548,0.6085552229399717,0.06780121146308771,1.0,0.16666666666666666,2.798109658360565e-05
xgboost,knn,123,full,89,215675,84325,0.95,51.12143659591675,4.9247941970825195,True,0.24045646927377828,0.6483377973845912,0.06766547330200044,1.0,0.16666666666666666,2.783473396331955e-05
xgboost,knn,2026,full,89,215675,84325,0.95,39.4602952003479,4.686207294464111,True,0.24895711047930935,0.7399558846699228,0.06927736396491169,1.0,0.16666666666666666,3.321503696757379e-05
xgboost,knn,3141,full,89,215675,84325,0.95,60.502206802368164,6.940702199935913,True,0.23863861483677482,0.6059555695604223,0.055211497022244094,1.0,0.16666666666666666,3.0607289831613584e-05
xgboost,knn,42,full,89,215675,84325,0.95,49.97284007072449,5.125258207321167,True,0.23913347160010345,0.6609027887190799,0.0801364168518927,1.0,0.16666666666666666,3.455989762553018e-05
xgboost,knn,4242,full,89,215675,84325,0.95,39.482431411743164,3.73539662361145,True,0.2489332523080561,0.7193162123838034,0.06038651441369598,1.0,0.16666666666666666,3.384908553227198e-05
xgboost,knn,456,full,89,215675,84325,0.95,57.661364793777466,4.958114147186279,True,0.2380726501686262,0.6311643296045376,0.07068564738619204,1.0,0.16666666666666666,3.196773867959144e-05
xgboost,knn,5555,full,89,215675,84325,0.95,46.95416307449341,3.7845027446746826,True,0.242202945694011,0.6409721128092012,0.05575444966659314,1.0,0.16666666666666666,3.17304761044288e-05
xgboost,knn,6789,full,89,215675,84325,0.95,50.403024435043335,5.171047925949097,True,0.24210065225912564,0.6622026154088546,0.0664777643924869,1.0,0.16666666666666666,3.481409862544458e-05
xgboost,knn,789,full,89,215675,84325,0.95,47.449912786483765,4.459322929382324,True,0.2455180009010171,0.6996612572869072,0.06766547330200044,1.0,0.16666666666666666,3.511980468590901e-05
xgboost,mahalanobis,1011,full,89,215675,84325,0.95,67.79500794410706,0.7056736946105957,True,0.2193136819828416,0.40121317157712305,0.02646894141201622,1.0,0.16666666666666666,0.0006349826685439789
xgboost,mahalanobis,123,full,89,215675,84325,0.95,51.12143659591675,0.5204446315765381,True,0.22335085101881574,0.4241373877422404,0.022311960228718803,1.0,0.16666666666666666,0.00046616944465662
xgboost,mahalanobis,2026,full,89,215675,84325,0.95,39.4602952003479,0.520291805267334,True,0.23946320153389283,0.5465968173940444,0.019766869708332628,1.0,0.16662484605689334,0.0005671579807296552
xgboost,mahalanobis,3141,full,89,215675,84325,0.95,60.502206802368164,0.733361005783081,True,0.21593298419214138,0.36143059713250353,0.013997997862123962,1.0,0.16666666666666666,0.0008585679470812931
xgboost,mahalanobis,42,full,89,215675,84325,0.95,49.97284007072449,0.5524334907531738,True,0.21562270129293262,0.3793130612887979,0.029234606444169198,1.0,0.16666375367764863,0.001132046869385261
xgboost,mahalanobis,4242,full,89,215675,84325,0.95,39.482431411743164,0.5395183563232422,True,0.22487056856744722,0.4419804632109658,0.026791319544598468,1.0,0.16666666666666666,0.000586790480831602
xgboost,mahalanobis,456,full,89,215675,84325,0.95,57.661364793777466,0.5610167980194092,True,0.22365316041247832,0.43197573656845756,0.026129596009298064,1.0,0.16666666666666666,0.0008806808908060199
xgboost,mahalanobis,5555,full,89,215675,84325,0.95,46.95416307449341,0.5576000213623047,True,0.20707352939149695,0.3609973215692453,0.06062405619559869,1.0,0.16666666666666666,0.0007885422234549562
xgboost,mahalanobis,6789,full,89,215675,84325,0.95,50.403024435043335,0.7155508995056152,True,0.22163257039165485,0.41775642035607374,0.02646894141201622,1.0,0.16666666666666666,0.0009431899149434941
xgboost,mahalanobis,789,full,89,215675,84325,0.95,47.449912786483765,0.5280454158782959,True,0.22732504561869266,0.458247991176934,0.025349101583046305,1.0,0.16666666666666666,0.0007921701768624738
xgboost,msp,1011,full,89,215675,84325,0.95,67.79500794410706,0.031981706619262695,True,0.2388283540589466,0.5967386166692926,0.049561396066986785,1.0,0.16666666666666666,0.00018149614334106445
xgboost,msp,123,full,89,215675,84325,0.95,51.12143659591675,0.0,True,0.2414749020439723,0.6160390735780684,0.046863600115377435,1.0,0.16666666666666666,0.00019341707229614258
xgboost,msp,2026,full,89,215675,84325,0.95,39.4602952003479,0.0313410758972168,True,0.25293997565839466,0.7470852371198992,0.05376927906069193,1.0,0.16666666666666666,0.00020200014114379883
xgboost,msp,3141,full,89,215675,84325,0.95,60.502206802368164,0.0,True,0.2416908453933146,0.6051677958090437,0.04036513565332474,1.0,0.16666666666666666,0.00016701221466064453
xgboost,msp,42,full,89,215675,84325,0.95,49.97284007072449,0.032088279724121094,True,0.23737007162176632,0.6092642193162123,0.06299947401462579,1.0,0.16666666666666666,0.00020712614059448242
xgboost,msp,4242,full,89,215675,84325,0.95,39.482431411743164,0.0,True,0.25169816852639365,0.7269182290846069,0.05086787586745169,1.0,0.16666666666666666,0.00019687414169311523
xgboost,msp,456,full,89,215675,84325,0.95,57.661364793777466,0.0,True,0.22964250819338192,0.6040649125571136,0.09842713405840134,1.0,0.16666666666666666,0.00024634599685668945
xgboost,msp,5555,full,89,215675,84325,0.95,46.95416307449341,0.0,True,0.24249360614760823,0.6187568930203245,0.043436211547924056,1.0,0.16666666666666666,0.00020998716354370117
xgboost,msp,6789,full,89,215675,84325,0.95,50.403024435043335,0.0,True,0.24512629183270754,0.6728769497400346,0.0571797003580094,1.0,0.16666666666666666,0.00021857023239135742
xgboost,msp,789,full,89,215675,84325,0.95,47.449912786483765,0.0,True,0.23330198546158082,0.6429809358752167,0.10003902472131258,1.0,0.16666666666666666,0.00028389692306518555
xgboost,none,1011,full,89,215675,84325,0.95,67.79500794410706,0.0,True,0.1413704986382435,0.0,0.0,0.9987444220099428,0.1649322484112841,inf
xgboost,none,123,full,89,215675,84325,0.95,51.12143659591675,0.0,True,0.14135914498890906,0.0,0.0,0.9991007346827969,0.16491900248706057,inf
xgboost,none,2026,full,89,215675,84325,0.95,39.4602952003479,0.006814479827880859,True,0.1412458051829162,0.0,0.0,0.998727454739807,0.16478677271340225,inf
xgboost,none,3141,full,89,215675,84325,0.95,60.502206802368164,0.0,True,0.14136984724034699,0.0,0.0,0.9999151636493204,0.16493148844707148,inf
xgboost,none,42,full,89,215675,84325,0.95,49.97284007072449,0.0,True,0.14139705414805565,0.0,0.0,0.9998472945687769,0.16496322983939823,inf
xgboost,none,4242,full,89,215675,84325,0.95,39.482431411743164,0.0,True,0.14122583322737817,0.0,0.0,0.9988462256307583,0.16476347209860787,inf
xgboost,none,456,full,89,215675,84325,0.95,57.661364793777466,0.0,True,0.1413545195622845,0.0,0.0,0.9999830327298641,0.1649136061559986,inf
xgboost,none,5555,full,89,215675,84325,0.95,46.95416307449341,0.0,True,0.14137347401778963,0.0,0.0,0.9991516364932046,0.16493571968742124,inf
xgboost,none,6789,full,89,215675,84325,0.95,50.403024435043335,0.0,True,0.14136136967686017,0.0,0.0,0.9989989310619815,0.16492159795633687,inf
xgboost,none,789,full,89,215675,84325,0.95,47.449912786483765,0.0,True,0.14135752886666883,0.0,0.0,0.9988122910904864,0.16491711701111364,inf
