base_model,rule,0.9,0.93,0.95,0.97,0.99,spread,best_q
lightgbm,msp,0.23310643491242122,0.21929124610258768,0.2000560436657727,0.19791001655004198,0.2015276957087377,0.035196418362379245,0.9
lightgbm,energy,0.23310643491242122,0.21929124610258768,0.2000560436657727,0.19791001655004198,0.2015276957087377,0.035196418362379245,0.9
lightgbm,mahalanobis,0.15006150134198265,0.16978035575164696,0.1783191177749234,0.18791758293625552,0.19544313527459384,0.04538163393261119,0.99
lightgbm,knn,0.22023156701930113,0.21455751537245296,0.21131456801919604,0.21203722878038836,0.20611147796885437,0.01412008905044676,0.9
xgboost,msp,0.2384468221414225,0.24153337796455282,0.24145667089380668,0.23797323149806796,0.22101004367086202,0.020523334293690798,0.93
xgboost,energy,0.2384468221414225,0.24153337796455282,0.24145667089380668,0.23797323149806796,0.22101004367086202,0.020523334293690798,0.93
xgboost,mahalanobis,0.19019848059094074,0.2101389385233463,0.22182382944023943,0.21683941802308765,0.21415482572520403,0.031625348849298685,0.95
xgboost,knn,0.24631656007533617,0.24566506485678968,0.24203158672580277,0.2379581195299238,0.22346352003569656,0.022853040039639616,0.9
tabnet,msp,0.22183679870305814,0.21401241385867914,0.20925384540796124,0.2039038844202743,0.1861582657494784,0.03567853295357973,0.9
tabnet,energy,0.22183679870305814,0.21401241385867914,0.20925384540796124,0.2039038844202743,0.1861582657494784,0.03567853295357973,0.9
tabnet,mahalanobis,0.18300594584960755,0.18684310932987314,0.19196990971322614,0.19358633064290579,0.18916524740478907,0.010580384793298231,0.97
tabnet,knn,0.23245654034353153,0.23459151077119675,0.2333915298380595,0.2157539995107038,0.18963963713358417,0.04495187363761258,0.93
ftt,msp,0.23543627331555692,0.23670014769538134,0.22680357867154174,0.20767614019950256,0.20423740745098792,0.03246274024439341,0.93
ftt,energy,0.23543627331555692,0.23670014769538134,0.22680357867154174,0.20767614019950256,0.20423740745098792,0.03246274024439341,0.93
ftt,mahalanobis,0.20934200645103487,0.20934195700585617,0.2093397597901288,0.2092313304243977,0.20742456866565667,0.001917437785378201,0.9
ftt,knn,0.250093468029646,0.24801259263449058,0.24472540240431623,0.2357544651888024,0.21842315774910545,0.03167031028054054,0.9
