base_model,seed,to_benign,to_trained_attack,to_untrained_slot,novel_recall,macro_f1_open,conf_novel,conf_known,novel_above_099,known_above_099
ftt,1011,0.02875374192531905,0.9712462580746809,0.0,0.0,0.14196938250666422,0.9312247633934021,0.9935482144355774,0.7333385851583425,0.9995079491660587
ftt,123,0.15684575389948008,0.8431542461005199,0.0,0.0,0.13818281578086586,0.9461397528648376,0.9943565130233765,0.7130534110603435,0.998897127441166
ftt,42,0.0356073735623129,0.9643926264376871,0.0,0.0,0.14176988042518696,0.9407346248626709,0.9940946698188782,0.735859461162754,0.9996097527868741
ftt,456,0.01536158815188278,0.9846384118481172,0.0,0.0,0.1423811939793675,0.9323954582214355,0.9937375783920288,0.6716952891129667,0.9987104874696711
ftt,789,7.877737513786041e-05,0.9999212226248622,0.0,0.0,0.1428074373923301,0.9643216133117676,0.9926159381866455,0.7070663305498661,0.9936203064288986
lightgbm,1011,0.04683314951945801,0.953166850480542,0.0,0.0,0.14133715611200356,0.9939156279590372,0.9993326068667336,0.9803844335906727,0.9981336002850502
lightgbm,123,0.04049157082086025,0.9595084291791397,0.0,0.0,0.14152137765364606,0.9721870202072742,0.9976419813799634,0.7713092799747913,0.9952491643619458
lightgbm,2026,0.04813297620923271,0.9518670237907673,0.0,0.0,0.14129918141008715,0.9954912789595638,0.9993675773198811,0.8238537891917441,0.9964538405415952
lightgbm,3141,0.041043012446825275,0.9589569875531747,0.0,0.0,0.14159929935594087,0.9716495165182801,0.9989683915947316,0.7694186229714826,0.9982523711760015
lightgbm,42,0.0457696549550969,0.9542303450449031,0.0,0.0,0.14144927536231883,0.9805836521733561,0.9978410703336509,0.7374743973530802,0.9917539067139488
lightgbm,4242,0.04892074996061131,0.9510792500393886,0.0,0.0,0.14128150819318025,0.9866347103808496,0.9989609590065612,0.7773751378604065,0.9976924512615165
lightgbm,456,0.047581534583267686,0.9524184654167324,0.0,0.0,0.1414055376937473,0.9902381909162394,0.9992406766698126,0.7961635418307862,0.9943159645044709
lightgbm,5555,0.0469513155821648,0.9530486844178352,0.0,0.0,0.1413699853444768,0.9902877216543636,0.9995318910125262,0.8020324562785568,0.9980826984746424
lightgbm,6789,0.07538994800693241,0.9246100519930676,0.0,0.0,0.140512718947121,0.9348470881609219,0.9994174149722606,0.7955333228296834,0.9974549094796138
lightgbm,789,0.04592720970537262,0.9540727902946274,0.0,0.0,0.1413499195947431,0.9874554227364934,0.9983682547110273,0.7547266425082716,0.994282029964199
tabnet,1011,0.2904127934457224,0.7094296518040019,0.00015755475027572083,0.0,0.13442573205886815,0.9776918292045593,0.9985924363136292,0.8749015282810777,0.9819807591156658
tabnet,123,0.027887190798802582,0.9162596502284543,0.055853158972743025,0.0,0.14196056503683924,0.9885585308074951,0.9969257712364197,0.7654403655270207,0.9751090147106232
tabnet,42,0.21915865763352765,0.7804080668032141,0.0004332755632582322,0.0,0.13640814342426594,0.944397509098053,0.9980360865592957,0.36777217583110133,0.924529582435482
tabnet,456,0.031747282180557744,0.7091539309910194,0.25909878682842286,0.0,0.1418372421499555,0.9972509741783142,0.9974294304847717,0.9624625807468096,0.962078151246246
tabnet,789,0.04257917126201355,0.7330234756577911,0.22439735308019537,0.0,0.1414170070660419,0.957938015460968,0.9955556392669678,0.7019851898534741,0.9701885063712099
xgboost,1011,0.04584843233023476,0.9541515676697653,0.0,0.0,0.1413704986382435,0.972545862197876,0.9991574883460999,0.906885142587049,0.9959787569777898
xgboost,123,0.04706948164487159,0.9529305183551284,0.0,0.0,0.14135914498890906,0.9772478938102722,0.9993607997894287,0.8012052938396093,0.9967592514040416
xgboost,2026,0.0499448558374035,0.9500551441625965,0.0,0.0,0.1412458051829162,0.9590466618537903,0.9992383718490601,0.7507483850638097,0.9966574477832262
xgboost,3141,0.048645029147628804,0.9513549708523712,0.0,0.0,0.14136984724034699,0.9695253372192383,0.9993066191673279,0.711635418307862,0.9969628586456725
xgboost,42,0.047581534583267686,0.9524184654167324,0.0,0.0,0.14139705414805565,0.9751095771789551,0.9990959763526917,0.7379076729163384,0.9946892444474609
xgboost,4242,0.05089018433905782,0.9491098156609422,0.0,0.0,0.14122583322737817,0.9685065746307373,0.999299943447113,0.7360957932881677,0.9970307277262161
xgboost,456,0.049314636836300614,0.9506853631636993,0.0,0.0,0.1413545195622845,0.9696987271308899,0.9991161227226257,0.7381046163541831,0.9953679352528971
xgboost,5555,0.04671498345675122,0.9532850165432488,0.0,0.0,0.14137347401778963,0.9791640639305115,0.999483585357666,0.7354655742870647,0.9983202402565451
xgboost,6789,0.04675437214432015,0.9532456278556799,0.0,0.0,0.14136136967686017,0.9544680118560791,0.9992960095405579,0.7357806837876162,0.9963520369207798
xgboost,789,0.04643926264376871,0.9535607373562313,0.0,0.0,0.14135752886666883,0.9803353548049927,0.99924236536026,0.8389396565306444,0.9955206406841204
