base_model,reference,alternative,metric,seeds,reference_mean,alternative_mean,delta,wins,p_value,cohens_dz
lightgbm,knn,none,macro_f1_open,10,0.21237699413527902,0.1413110288195054,0.07106596531577357,10,0.001953125,4.045159327063183
lightgbm,knn,msp,macro_f1_open,10,0.21237699413527902,0.20060800825756506,0.011768985877713939,8,0.013671875,0.8052551243870736
lightgbm,knn,mahalanobis,macro_f1_open,10,0.21237699413527902,0.1788169371396525,0.033560056995626524,10,0.001953125,1.5978252333239922
xgboost,knn,none,macro_f1_open,10,0.24203158672580272,0.14134150755494523,0.10069007917085745,10,0.001953125,22.360116734615897
xgboost,knn,msp,macro_f1_open,10,0.24203158672580272,0.24145667089380662,0.0005749158319960729,3,0.625,0.10504616888077288
xgboost,knn,mahalanobis,macro_f1_open,10,0.24203158672580272,0.22182382944023935,0.020207757285563333,10,0.001953125,2.9335357269971887
tabnet,knn,none,macro_f1_open,5,0.23339152983805947,0.1392097379471941,0.09418179189086534,5,0.0625,4.202047585254252
tabnet,knn,msp,macro_f1_open,5,0.23339152983805947,0.20925384540796124,0.024137684430098255,4,0.125,0.9813493614796901
tabnet,knn,mahalanobis,macro_f1_open,5,0.23339152983805947,0.19196990971322608,0.04142162012483336,5,0.0625,1.9832318696834217
ftt,knn,none,macro_f1_open,5,0.24472540240431617,0.1414221420168829,0.10330326038743327,5,0.0625,10.311422017187967
ftt,knn,msp,macro_f1_open,5,0.24472540240431617,0.22680357867154174,0.017921823732774463,4,0.1875,0.7034099897397097
ftt,knn,mahalanobis,macro_f1_open,5,0.24472540240431617,0.20933975979012875,0.035385642614187425,5,0.0625,3.327729163635194
lightgbm,knn,none,novel_recall,10,0.46760674334331176,0.0,0.46760674334331176,10,0.001953125,3.1828234950259495
lightgbm,knn,msp,novel_recall,10,0.46760674334331176,0.3270167008035292,0.1405900425397826,10,0.001953125,1.0519599829631976
lightgbm,knn,mahalanobis,novel_recall,10,0.46760674334331176,0.25577832046636206,0.21182842287694972,10,0.001953125,1.4448416748049477
xgboost,knn,none,novel_recall,10,0.6617023790767292,0.0,0.6617023790767292,10,0.001953125,14.651140371380512
xgboost,knn,msp,novel_recall,10,0.6617023790767292,0.6439892862769813,0.01771309279974793,7,0.064453125,0.7247747338952221
xgboost,knn,mahalanobis,novel_recall,10,0.6617023790767292,0.4223648968016385,0.23933748227509066,10,0.001953125,7.21024844097466
tabnet,knn,none,novel_recall,5,0.6289349298881362,0.0,0.6289349298881362,5,0.0625,3.433217513173782
tabnet,knn,msp,novel_recall,5,0.6289349298881362,0.47688671813455175,0.1520482117535844,5,0.0625,0.9539899717207244
tabnet,knn,mahalanobis,novel_recall,5,0.6289349298881362,0.3413187332598077,0.2876161966283284,5,0.0625,1.8141101216011322
ftt,knn,none,novel_recall,5,0.7052150622341264,0.0,0.7052150622341264,5,0.0625,8.027716910937965
ftt,knn,msp,novel_recall,5,0.7052150622341264,0.45639672286119426,0.2488183393729321,4,0.125,1.2661767187228674
ftt,knn,mahalanobis,novel_recall,5,0.7052150622341264,0.3113045533322829,0.3939105089018434,5,0.0625,5.429415173002491
