base_model,method,macro_f1_open_mean,macro_f1_open_std,macro_f1_open_count,novel_recall_mean,novel_recall_std,novel_recall_count,false_unknown_rate_mean,false_unknown_rate_std,false_unknown_rate_count
ftt,none,0.1414,0.0019,5,0.0,0.0,5,0.0,0.0,5
ftt,msp,0.2268,0.0217,5,0.4564,0.1748,5,0.0158,0.0102,5
ftt,energy,0.2268,0.0217,5,0.4564,0.1748,5,0.0158,0.0102,5
ftt,mahalanobis,0.2093,0.011,5,0.3113,0.0682,5,0.003,0.0026,5
ftt,knn,0.2447,0.0108,5,0.7052,0.0878,5,0.0727,0.0176,5
lightgbm,none,0.1413,0.0003,10,0.0,0.0,10,0.0,0.0,10
lightgbm,msp,0.2006,0.0038,10,0.327,0.0188,10,0.0687,0.0136,10
lightgbm,energy,0.2006,0.0038,10,0.327,0.0188,10,0.0687,0.0136,10
lightgbm,mahalanobis,0.1788,0.0187,10,0.2558,0.0835,10,0.1347,0.0543,10
lightgbm,knn,0.2124,0.0177,10,0.4676,0.1469,10,0.1019,0.0107,10
tabnet,none,0.1392,0.0035,5,0.0,0.0,5,0.0,0.0,5
tabnet,msp,0.2093,0.0378,5,0.4769,0.2929,5,0.1018,0.0298,5
tabnet,energy,0.2093,0.0378,5,0.4769,0.2929,5,0.1018,0.0298,5
tabnet,mahalanobis,0.192,0.0339,5,0.3413,0.2344,5,0.1026,0.0355,5
tabnet,knn,0.2334,0.0198,5,0.6289,0.1832,5,0.0823,0.0264,5
xgboost,none,0.1413,0.0001,10,0.0,0.0,10,0.0,0.0,10
xgboost,msp,0.2415,0.0073,10,0.644,0.0541,10,0.0604,0.0215,10
xgboost,energy,0.2415,0.0073,10,0.644,0.0541,10,0.0604,0.0215,10
xgboost,mahalanobis,0.2218,0.0085,10,0.4224,0.0548,10,0.0277,0.0124,10
xgboost,knn,0.242,0.0045,10,0.6617,0.0452,10,0.0661,0.0074,10
