base_model,rule,seeds,novel_recall,novel_recall_std,macro_f1_open,flag_rate,max_abs_score,distinct_scores_min
lightgbm,msp,10,0.32707184496612574,0.01877643170180895,0.20061161046031667,0.1464856211088052,0.6249843164739082,9149
lightgbm,energy_T0.05,10,0.32707184496612574,0.01877643170180895,0.20061161046031667,0.1464856211088052,0.9491047042270639,9170
lightgbm,energy_T0.1,10,0.32707184496612574,0.01877643170180895,0.20061161046031667,0.1464856211088052,0.9144308151767847,9170
lightgbm,energy_T0.25,10,0.32707184496612574,0.01877643170180895,0.20061161046031667,0.1464856211088052,0.8227426048312826,9163
lightgbm,energy_T0.5,10,0.3270639672286119,0.018761214543609506,0.20061047521561184,0.14648324933293805,0.5977388533113439,9156
lightgbm,energy_T1,10,0.22466913502442099,0.08585749608281044,0.18247737610758286,0.1185852356952268,7.999999999968008e-12,2
xgboost,msp,10,0.6439892862769813,0.05405645850871195,0.24145667089380668,0.23606878150014823,0.5942084193229675,4151
xgboost,energy_T0.05,10,0.6439892862769813,0.05405645850871195,0.24145667089380668,0.23606878150014823,0.8965076804161072,4151
xgboost,energy_T0.1,10,0.6439892862769813,0.05405645850871195,0.24145667089380668,0.23606878150014823,0.8725724220275879,4151
xgboost,energy_T0.25,10,0.6439892862769813,0.05405645850871195,0.24145667089380668,0.23606878150014823,0.7624835968017578,4151
xgboost,energy_T0.5,10,0.6440168583582795,0.05405965330220135,0.24145764123974792,0.2360830121553513,0.5263931751251221,18914
xgboost,energy_T1,10,0.09621474712462581,0.008286845886796368,0.1593648446961005,0.07076074710939816,1.1920928955078125e-07,19487
tabnet,msp,5,0.47688671813455175,0.2928520371096702,0.20925384540796124,0.21476193299733176,0.675886869430542,10261
tabnet,energy_T0.05,5,0.47688671813455175,0.2928520371096702,0.20925384540796124,0.21476193299733176,1.1265826225280762,10261
tabnet,energy_T0.1,5,0.47688671813455175,0.2928520371096702,0.20925384540796124,0.21476193299733176,1.1204231977462769,10261
tabnet,energy_T0.25,5,0.47688671813455175,0.2928520371096702,0.20925384540796124,0.21476193299733176,1.003896951675415,10264
tabnet,energy_T0.5,5,0.4768945958720655,0.29284097008131704,0.2092553602614668,0.21476430477319894,0.6935647130012512,30866
tabnet,energy_T1,5,0.12148259020009453,0.049262080618242755,0.16354700476711734,0.07423658464275126,2.8405338525772095e-07,74767
ftt,msp,5,0.45639672286119426,0.17479762283758557,0.22680357867154174,0.148439964423362,0.7904782295227051,8653
ftt,energy_T0.05,5,0.45639672286119426,0.17479762283758557,0.22680357867154174,0.148439964423362,1.5595606565475464,8653
ftt,energy_T0.1,5,0.45639672286119426,0.17479762283758557,0.22680357867154174,0.148439964423362,1.5355722904205322,8653
ftt,energy_T0.25,5,0.45639672286119426,0.17479762283758557,0.22680357867154174,0.148439964423362,1.3768099546432495,8653
ftt,energy_T0.5,5,0.45653852213644247,0.17511316029930635,0.2268243485315295,0.14845656685443226,0.978335440158844,45546
ftt,energy_T1,5,0.08998739561997796,0.0018985592564447992,0.15260044910626017,0.10244174325526238,3.9348378777503967e-07,1346
